station,time_slot_pacific,show_title,description,show_image_url,time_slot_utc,show_url,scraped_at
Apple Music 1,01:00 – 02:00,Africa Now Radio with Nandi Madida,Nigeria's Lojay talks debut album XOXO.,https://is1-ssl.mzstatic.com/image/thumb/RadioSource126/v4/37/78/60/377860e9-1c1a-4ea4-fb12-68a5c3d2ccdb/bb_source.png/632x632cc.webp,08:00 – 09:00,https://music.apple.com/us/curator/africa-now-radio-with-nandi-madida/1494794631,2025-10-09T05:38:58.575212-07:00
Apple Music 1,02:00 – 03:00,The Dotty Show,Top 20 tracks in Black music right now.,https://is1-ssl.mzstatic.com/image/thumb/RadioSource211/v4/cc/fc/80/ccfc80c0-8c7a-9c07-d5bf-55759f06ffbf/bb_source.png/632x632cc.webp,09:00 – 10:00,https://music.apple.com/us/curator/the-dotty-show/1526877708,2025-10-09T05:38:58.575212-07:00
Apple Music 1,03:00 – 04:00,Apple Music 1,The world’s best new music is on Apple Music 1.,https://is1-ssl.mzstatic.com/image/thumb/RadioSource211/v4/84/85/02/84850251-ecdc-3aac-2fc0-47395103fe4f/bb_source.png/632x632cc.webp,10:00 – 11:00,https://music.apple.com/us/curator/the-apple-music-1-list-live/1194191879,2025-10-09T05:38:58.575212-07:00
Apple Music 1,04:00 – 06:00,The Matt Wilkinson Show,Diving into four essential alternative playlists.,https://is1-ssl.mzstatic.com/image/thumb/Features/v4/6d/aa/86/6daa867b-1a40-0b36-f8b7-4d58cab2f1e8/6f83b0b3-55aa-4e4d-b9db-dd2a7c260077.png/632x632cc.webp,11:00 – 13:00,https://music.apple.com/us/curator/the-matt-wilkinson-show/1184566442,2025-10-09T05:38:58.575212-07:00
Apple Music 1,04:00 – 06:00,The Matt Wilkinson Show,Spotlighting exciting albums that are coming soon.,https://is1-ssl.mzstatic.com/image/thumb/RadioSource221/v4/e1/13/a2/e113a276-92c9-ba74-ca0b-89de60ed2fcd/bb_source.png/632x632cc.webp,11:00 – 13:00,https://music.apple.com/us/curator/the-matt-wilkinson-show/1184566442,2025-10-09T05:38:58.575212-07:00
Apple Music 1,06:00 – 07:00,Apple Music 1,The world’s best new music is on Apple Music 1.,https://is1-ssl.mzstatic.com/image/thumb/RadioSource211/v4/84/85/02/84850251-ecdc-3aac-2fc0-47395103fe4f/bb_source.png/632x632cc.webp,13:00 – 14:00,https://music.apple.com/us/curator/the-apple-music-1-list-live/1194191879,2025-10-09T05:38:58.575212-07:00
Apple Music 1,07:00 – 09:00,The Dotty Show,Soundclash 2024 champ Rachael Anson in the Mix. May contain explicit content.,https://is1-ssl.mzstatic.com/image/thumb/RadioSource211/v4/18/f0/82/18f0822e-fe1c-6f8a-2413-a44fc4be65f5/bb_source.png/632x632cc.webp,14:00 – 16:00,https://music.apple.com/us/curator/the-dotty-show/1526877708,2025-10-09T05:38:58.575212-07:00
Apple Music 1,09:00 – 10:30,The Zane Lowe Show,An all-access pass into the world’s best new music.,https://is1-ssl.mzstatic.com/image/thumb/Features/v4/bc/99/bf/bc99bf27-90f7-1e2e-d8c1-b89224dad041/057a0e39-030b-4301-b1b8-930e4372665b.png/632x632cc.webp,16:00 – 17:30,https://music.apple.com/us/curator/the-zane-lowe-show/990050553,2025-10-09T05:38:58.575212-07:00
Apple Music 1,10:30 – 11:00,Apple Music 1,The world’s best new music is on Apple Music 1.,https://is1-ssl.mzstatic.com/image/thumb/RadioSource211/v4/84/85/02/84850251-ecdc-3aac-2fc0-47395103fe4f/bb_source.png/632x632cc.webp,17:30 – 18:00,https://music.apple.com/us/curator/the-apple-music-1-list-live/1194191879,2025-10-09T05:38:58.575212-07:00
Apple Music 1,11:00 – 12:00,Julia Michaels,Your favorite artists host their own shows on Apple Music Radio.,https://is1-ssl.mzstatic.com/image/thumb/RadioSource221/v4/51/27/a4/5127a4b4-6388-7794-e910-f005db9cd725/bb_source.png/632x632cc.webp,18:00 – 19:00,https://music.apple.com/us/curator/takeover/1774052321,2025-10-09T05:38:58.575212-07:00
Apple Music 1,12:00 – 14:00,The Ebro Show,Bringing the music and sounds of New York City to the world.,https://is1-ssl.mzstatic.com/image/thumb/Features/v4/1c/a9/23/1ca923d0-7859-2403-629a-83ebe3af6cfe/f4897bc2-340c-4eca-adcf-127cc0b8d3b4.png/632x632cc.webp,19:00 – 21:00,https://music.apple.com/us/curator/the-ebro-show/990473683,2025-10-09T05:38:58.575212-07:00
Apple Music 1,14:00 – 15:00,Grupo Frontera,Your favorite artists host their own shows on Apple Music Radio.,https://is1-ssl.mzstatic.com/image/thumb/RadioSource211/v4/e6/85/69/e6856968-0b3e-d680-f8b4-6d91150a1ff8/bb_source.png/632x632cc.webp,21:00 – 22:00,https://music.apple.com/us/curator/takeover/1774052321,2025-10-09T05:38:58.575212-07:00
Apple Music 1,15:00 – 16:00,The Global Chart Show With Brooke Reese,The most popular songs on Apple Music.,https://is1-ssl.mzstatic.com/image/thumb/Features112/v4/68/61/da/6861daa3-4de4-c484-61a4-6aefc5fc0e78/7d4fde68-78db-40cc-9be0-3ca6bab907f1.png/632x632cc.webp,22:00 – 23:00,https://music.apple.com/us/curator/the-global-chart-show-with-brooke-reese/1011966026,2025-10-09T05:38:58.575212-07:00
Apple Music 1,16:00 – 17:00,The Travis Mills Show,The band on their project 'Wrong Side of Heaven',https://is1-ssl.mzstatic.com/image/thumb/RadioSource211/v4/04/30/3b/04303be0-7ac8-3891-247d-005d16f353fb/bb_source.png/632x632cc.webp,23:00 – 00:00,https://music.apple.com/us/curator/the-travis-mills-show/1191586538,2025-10-09T05:38:58.575212-07:00
Apple Music 1,17:00 – 19:00,Apple Music 1,The world’s best new music is on Apple Music 1.,https://is1-ssl.mzstatic.com/image/thumb/RadioSource211/v4/84/85/02/84850251-ecdc-3aac-2fc0-47395103fe4f/bb_source.png/632x632cc.webp,00:00 – 02:00,https://music.apple.com/us/curator/the-apple-music-1-list-live/1194191879,2025-10-09T05:38:58.575212-07:00
Apple Music 1,19:00 – 21:00,Apple Music 1,The world’s best new music is on Apple Music 1.,https://is1-ssl.mzstatic.com/image/thumb/RadioSource211/v4/84/85/02/84850251-ecdc-3aac-2fc0-47395103fe4f/bb_source.png/632x632cc.webp,02:00 – 04:00,https://music.apple.com/us/curator/the-apple-music-1-list-live/1194191879,2025-10-09T05:38:58.575212-07:00
Apple Music 1,21:00 – 23:00,Today's Hits,"The biggest songs in pop, hip-hop, R&B, and more.
-OR-
All the songs you know and love from all your favorite artists.",https://is1-ssl.mzstatic.com/image/thumb/Features122/v4/1c/24/d0/1c24d0de-1833-7fa8-c811-3d3e5df84eb6/947f2946-2f2f-4be0-bc4c-66183f190445.png/632x632cc.webp,04:00 – 06:00,https://music.apple.com/us/curator/todays-hits-on-apple-music-1/1653478003,2025-10-09T05:38:58.575212-07:00
Apple Music 1,23:00 – 01:00,Apple Music 1,The world’s best new music is on Apple Music 1.,https://is1-ssl.mzstatic.com/image/thumb/RadioSource211/v4/84/85/02/84850251-ecdc-3aac-2fc0-47395103fe4f/bb_source.png/632x632cc.webp,06:00 – 08:00,https://music.apple.com/us/curator/the-apple-music-1-list-live/1194191879,2025-10-09T05:38:58.575212-07:00
Apple Music Chill,00:00 – 02:00,Apple Music Chill,Listen and let go.,https://is1-ssl.mzstatic.com/image/thumb/Features211/v4/a3/48/ad/a348ad87-ef08-cb26-25b0-267e6be9fa94/cdbcfb25-5574-4caa-9027-5eebe3dd83cc.png/632x632cc.webp,07:00 – 09:00,https://music.apple.com/us/station/apple-music-chill/ra.1740614260,2025-10-09T05:38:58.575212-07:00
Apple Music Chill,02:00 – 03:00,Acoustic Chill,"Pop and indie with a lighter, unplugged touch.",https://is1-ssl.mzstatic.com/image/thumb/RadioSource221/v4/9f/e6/e0/9fe6e0c5-76d9-bac5-8393-90e5d52f65d3/bb_source.png/632x632cc.webp,09:00 – 10:00,https://music.apple.com/us/station/apple-music-chill/ra.1740614260,2025-10-09T05:38:58.575212-07:00
Apple Music Chill,03:00 – 05:00,Apple Music Chill,Listen and let go.,https://is1-ssl.mzstatic.com/image/thumb/Features211/v4/a3/48/ad/a348ad87-ef08-cb26-25b0-267e6be9fa94/cdbcfb25-5574-4caa-9027-5eebe3dd83cc.png/632x632cc.webp,10:00 – 12:00,https://music.apple.com/us/station/apple-music-chill/ra.1740614260,2025-10-09T05:38:58.575212-07:00
Apple Music Chill,05:00 – 06:00,Lo-Fi Chill,"Hazy, easy sounds for lean-back listening.",https://is1-ssl.mzstatic.com/image/thumb/RadioSource211/v4/5e/f2/4d/5ef24d37-9174-683a-5c64-134ced909189/bb_source.png/632x632cc.webp,12:00 – 13:00,https://music.apple.com/us/station/apple-music-chill/ra.1740614260,2025-10-09T05:38:58.575212-07:00
Apple Music Chill,05:00 – 06:00,Zane Needs To Chill,Zane’s playlist to bring on the tears.,https://is1-ssl.mzstatic.com/image/thumb/RadioSource211/v4/d1/71/f2/d171f2aa-c1b8-7cb4-e7ca-42f7de0b4193/bb_source.png/632x632cc.webp,12:00 – 13:00,https://music.apple.com/us/curator/the-zane-lowe-show/990050553,2025-10-09T05:38:58.575212-07:00
Apple Music Chill,06:00 – 08:00,Apple Music Chill,Listen and let go.,https://is1-ssl.mzstatic.com/image/thumb/Features211/v4/a3/48/ad/a348ad87-ef08-cb26-25b0-267e6be9fa94/cdbcfb25-5574-4caa-9027-5eebe3dd83cc.png/632x632cc.webp,13:00 – 15:00,https://music.apple.com/us/station/apple-music-chill/ra.1740614260,2025-10-09T05:38:58.575212-07:00
Apple Music Chill,08:00 – 09:00,Pure Focus,"A mix of immersive, mostly electronic sounds.",https://is1-ssl.mzstatic.com/image/thumb/RadioSource221/v4/dd/c2/80/ddc280ac-8bcc-1961-b648-5b1274c5a68e/bb_source.png/632x632cc.webp,15:00 – 16:00,https://music.apple.com/us/station/apple-music-chill/ra.1740614260,2025-10-09T05:38:58.575212-07:00
Apple Music Chill,09:00 – 11:00,Apple Music Chill,Listen and let go.,https://is1-ssl.mzstatic.com/image/thumb/Features211/v4/a3/48/ad/a348ad87-ef08-cb26-25b0-267e6be9fa94/cdbcfb25-5574-4caa-9027-5eebe3dd83cc.png/632x632cc.webp,16:00 – 18:00,https://music.apple.com/us/station/apple-music-chill/ra.1740614260,2025-10-09T05:38:58.575212-07:00
Apple Music Chill,11:00 – 12:00,Today's Chill,Updates from electronic music’s low-key vanguard.,https://is1-ssl.mzstatic.com/image/thumb/RadioSource221/v4/da/d2/7b/dad27b4f-45ab-07b1-bdcd-9a0321c35e30/bb_source.png/632x632cc.webp,18:00 – 19:00,https://music.apple.com/us/station/apple-music-chill/ra.1740614260,2025-10-09T05:38:58.575212-07:00
Apple Music Chill,12:00 – 14:00,Apple Music Chill,Listen and let go.,https://is1-ssl.mzstatic.com/image/thumb/Features211/v4/a3/48/ad/a348ad87-ef08-cb26-25b0-267e6be9fa94/cdbcfb25-5574-4caa-9027-5eebe3dd83cc.png/632x632cc.webp,19:00 – 21:00,https://music.apple.com/us/station/apple-music-chill/ra.1740614260,2025-10-09T05:38:58.575212-07:00
Apple Music Chill,14:00 – 15:00,Acoustic Chill,"Pop and indie with a lighter, unplugged touch.",https://is1-ssl.mzstatic.com/image/thumb/RadioSource221/v4/9f/e6/e0/9fe6e0c5-76d9-bac5-8393-90e5d52f65d3/bb_source.png/632x632cc.webp,21:00 – 22:00,https://music.apple.com/us/station/apple-music-chill/ra.1740614260,2025-10-09T05:38:58.575212-07:00
Apple Music Chill,15:00 – 17:00,Apple Music Chill,Listen and let go.,https://is1-ssl.mzstatic.com/image/thumb/Features211/v4/a3/48/ad/a348ad87-ef08-cb26-25b0-267e6be9fa94/cdbcfb25-5574-4caa-9027-5eebe3dd83cc.png/632x632cc.webp,22:00 – 00:00,https://music.apple.com/us/station/apple-music-chill/ra.1740614260,2025-10-09T05:38:58.575212-07:00
Apple Music Chill,17:00 – 18:00,Lo-Fi Chill,"Hazy, easy sounds for lean-back listening.",https://is1-ssl.mzstatic.com/image/thumb/RadioSource211/v4/5e/f2/4d/5ef24d37-9174-683a-5c64-134ced909189/bb_source.png/632x632cc.webp,00:00 – 01:00,https://music.apple.com/us/station/apple-music-chill/ra.1740614260,2025-10-09T05:38:58.575212-07:00
Apple Music Chill,18:00 – 20:00,Apple Music Chill,Listen and let go.,https://is1-ssl.mzstatic.com/image/thumb/Features211/v4/a3/48/ad/a348ad87-ef08-cb26-25b0-267e6be9fa94/cdbcfb25-5574-4caa-9027-5eebe3dd83cc.png/632x632cc.webp,01:00 – 03:00,https://music.apple.com/us/station/apple-music-chill/ra.1740614260,2025-10-09T05:38:58.575212-07:00
Apple Music Chill,20:00 – 21:00,Pure Focus,"A mix of immersive, mostly electronic sounds.",https://is1-ssl.mzstatic.com/image/thumb/RadioSource221/v4/dd/c2/80/ddc280ac-8bcc-1961-b648-5b1274c5a68e/bb_source.png/632x632cc.webp,03:00 – 04:00,https://music.apple.com/us/station/apple-music-chill/ra.1740614260,2025-10-09T05:38:58.575212-07:00
Apple Music Chill,21:00 – 23:00,Apple Music Chill,Listen and let go.,https://is1-ssl.mzstatic.com/image/thumb/Features211/v4/a3/48/ad/a348ad87-ef08-cb26-25b0-267e6be9fa94/cdbcfb25-5574-4caa-9027-5eebe3dd83cc.png/632x632cc.webp,04:00 – 06:00,https://music.apple.com/us/station/apple-music-chill/ra.1740614260,2025-10-09T05:38:58.575212-07:00
Apple Music Chill,23:00 – 00:00,Today's Chill,Updates from electronic music’s low-key vanguard.,https://is1-ssl.mzstatic.com/image/thumb/RadioSource221/v4/da/d2/7b/dad27b4f-45ab-07b1-bdcd-9a0321c35e30/bb_source.png/632x632cc.webp,06:00 – 07:00,https://music.apple.com/us/station/apple-music-chill/ra.1740614260,2025-10-09T05:38:58.575212-07:00
Apple Music Club,01:55 – 04:05,The K&D Sessions: Kruder & Dorfmeister,A tapestry of the late-’90s dance world and a bit beyond.,https://is1-ssl.mzstatic.com/image/thumb/RadioSource221/v4/0a/e6/e0/0ae6e05e-722b-4c56-b056-39d3a28fde09/bb_source.png/632x632cc.webp,08:55 – 11:05,https://music.apple.com/us/station/apple-music-club/ra.1740613859,2025-10-09T05:38:58.575212-07:00
Apple Music Club,04:05 – 05:05,"This Never Happened Radio: Miss Melera, Mar 2025",A mix of deep and progressive house and techno.,https://is1-ssl.mzstatic.com/image/thumb/RadioSource221/v4/0c/53/51/0c535111-9f04-d88c-69ca-4e28ae2542c6/bb_source.png/632x632cc.webp,11:05 – 12:05,https://music.apple.com/us/station/apple-music-club/ra.1740613859,2025-10-09T05:38:58.575212-07:00
Apple Music Club,05:05 – 06:00,Apple Music Club,Where the mix never ends.,https://is1-ssl.mzstatic.com/image/thumb/Features221/v4/c1/04/13/c1041340-86ad-cb6e-91c3-cb258e33b7cc/d5c03e2b-1ff3-4990-affa-327d91ca5e64.png/632x632cc.webp,12:05 – 13:00,https://music.apple.com/us/station/apple-music-club/ra.1740613859,2025-10-09T05:38:58.575212-07:00
Apple Music Club,05:05 – 05:55,Apple Music Club,Where the mix never ends.,https://is1-ssl.mzstatic.com/image/thumb/Features221/v4/c1/04/13/c1041340-86ad-cb6e-91c3-cb258e33b7cc/d5c03e2b-1ff3-4990-affa-327d91ca5e64.png/632x632cc.webp,12:05 – 12:55,https://music.apple.com/us/station/apple-music-club/ra.1740613859,2025-10-09T05:38:58.575212-07:00
Apple Music Club,06:00 – 08:00,Afro House Nation,"That deep, soulful sound.",https://is1-ssl.mzstatic.com/image/thumb/RadioSource211/v4/a1/37/d9/a137d950-8159-35c7-23ab-5d0dff8f6e44/bb_source.png/632x632cc.webp,13:00 – 15:00,https://music.apple.com#,2025-10-09T05:38:58.575212-07:00
Apple Music Club,08:00 – 09:55,Apple Music Club,Where the mix never ends.,https://is1-ssl.mzstatic.com/image/thumb/Features221/v4/c1/04/13/c1041340-86ad-cb6e-91c3-cb258e33b7cc/d5c03e2b-1ff3-4990-affa-327d91ca5e64.png/632x632cc.webp,15:00 – 16:55,https://music.apple.com/us/station/apple-music-club/ra.1740613859,2025-10-09T05:38:58.575212-07:00
Apple Music Club,09:55 – 12:00,Beats In Space with Tim Sweeney,Tim Sweeney and Jennifer Loveless.,https://is1-ssl.mzstatic.com/image/thumb/Features122/v4/83/60/df/8360dfd4-6ebe-3ea1-6885-5e386e8a4f68/d3adf304-a48c-4083-a835-494568ddebc4.png/632x632cc.webp,16:55 – 19:00,https://music.apple.com/us/curator/beats-in-space-with-tim-sweeney/1573950910,2025-10-09T05:38:58.575212-07:00
Apple Music Club,12:00 – 14:00,danceXL,The biggest floor-fillers from around the world.,https://is1-ssl.mzstatic.com/image/thumb/RadioSource221/v4/b4/81/8f/b4818f93-b9d9-86d2-e057-828466309817/bb_source.png/632x632cc.webp,19:00 – 21:00,https://music.apple.com/us/station/apple-music-club/ra.1740613859,2025-10-09T05:38:58.575212-07:00
Apple Music Club,14:00 – 16:05,The K&D Sessions: Kruder & Dorfmeister,A tapestry of the late-’90s dance world and a bit beyond.,https://is1-ssl.mzstatic.com/image/thumb/RadioSource221/v4/0a/e6/e0/0ae6e05e-722b-4c56-b056-39d3a28fde09/bb_source.png/632x632cc.webp,21:00 – 23:05,https://music.apple.com/us/station/apple-music-club/ra.1740613859,2025-10-09T05:38:58.575212-07:00
Apple Music Club,16:05 – 17:05,"This Never Happened Radio: Miss Melera, Mar 2025",A mix of deep and progressive house and techno.,https://is1-ssl.mzstatic.com/image/thumb/RadioSource221/v4/0c/53/51/0c535111-9f04-d88c-69ca-4e28ae2542c6/bb_source.png/632x632cc.webp,23:05 – 00:05,https://music.apple.com/us/station/apple-music-club/ra.1740613859,2025-10-09T05:38:58.575212-07:00
Apple Music Club,17:05 – 18:00,Apple Music Club,Where the mix never ends.,https://is1-ssl.mzstatic.com/image/thumb/Features221/v4/c1/04/13/c1041340-86ad-cb6e-91c3-cb258e33b7cc/d5c03e2b-1ff3-4990-affa-327d91ca5e64.png/632x632cc.webp,00:05 – 01:00,https://music.apple.com/us/station/apple-music-club/ra.1740613859,2025-10-09T05:38:58.575212-07:00
Apple Music Club,18:00 – 19:55,Afro House Nation,"That deep, soulful sound.",https://is1-ssl.mzstatic.com/image/thumb/RadioSource211/v4/a1/37/d9/a137d950-8159-35c7-23ab-5d0dff8f6e44/bb_source.png/632x632cc.webp,01:00 – 02:55,https://music.apple.com#,2025-10-09T05:38:58.575212-07:00
Apple Music Club,19:55 – 21:55,Apple Music Club,Where the mix never ends.,https://is1-ssl.mzstatic.com/image/thumb/Features221/v4/c1/04/13/c1041340-86ad-cb6e-91c3-cb258e33b7cc/d5c03e2b-1ff3-4990-affa-327d91ca5e64.png/632x632cc.webp,02:55 – 04:55,https://music.apple.com/us/station/apple-music-club/ra.1740613859,2025-10-09T05:38:58.575212-07:00
Apple Music Club,21:55 – 23:55,Beats In Space with Tim Sweeney,Tim Sweeney and Jennifer Loveless.,https://is1-ssl.mzstatic.com/image/thumb/Features122/v4/83/60/df/8360dfd4-6ebe-3ea1-6885-5e386e8a4f68/d3adf304-a48c-4083-a835-494568ddebc4.png/632x632cc.webp,04:55 – 06:55,https://music.apple.com/us/curator/beats-in-space-with-tim-sweeney/1573950910,2025-10-09T05:38:58.575212-07:00
Apple Music Club,23:55 – 01:55,danceXL,The biggest floor-fillers from around the world.,https://is1-ssl.mzstatic.com/image/thumb/RadioSource221/v4/b4/81/8f/b4818f93-b9d9-86d2-e057-828466309817/bb_source.png/632x632cc.webp,06:55 – 08:55,https://music.apple.com/us/station/apple-music-club/ra.1740613859,2025-10-09T05:38:58.575212-07:00
Apple Music Country,00:00 – 02:00,Apple Music Country,Where it sounds like home.,https://is1-ssl.mzstatic.com/image/thumb/Features114/v4/48/25/f9/4825f941-5e2f-5c2b-6b6c-d6a78c143cad/source/632x632cc.webp,07:00 – 09:00,https://music.apple.com/us/station/apple-music-country/ra.1498157166,2025-10-09T05:38:58.575212-07:00
Apple Music Country,02:00 – 03:00,'90s Country Essentials,Revisit the decade when country music exploded.,https://is1-ssl.mzstatic.com/image/thumb/Features126/v4/b0/fb/16/b0fb16cf-1494-ebee-399b-a23e300bea3b/pr_source.png/632x632cc.webp,09:00 – 10:00,https://music.apple.com/us/station/apple-music-country/ra.1498157166,2025-10-09T05:38:58.575212-07:00
Apple Music Country,03:00 – 04:00,2000s Country Essentials,A decade of big tunes that chronicle life’s little moments.,https://is1-ssl.mzstatic.com/image/thumb/Features125/v4/9a/a1/3d/9aa13d51-f437-233b-b221-068b07c16603/pr_source.png/632x632cc.webp,10:00 – 11:00,https://music.apple.com/us/station/apple-music-country/ra.1498157166,2025-10-09T05:38:58.575212-07:00
Apple Music Country,04:00 – 06:00,Apple Music Country,Where it sounds like home.,https://is1-ssl.mzstatic.com/image/thumb/Features114/v4/48/25/f9/4825f941-5e2f-5c2b-6b6c-d6a78c143cad/source/632x632cc.webp,11:00 – 13:00,https://music.apple.com/us/station/apple-music-country/ra.1498157166,2025-10-09T05:38:58.575212-07:00
Apple Music Country,04:00 – 06:00,Apple Music Country,Where it sounds like home.,https://is1-ssl.mzstatic.com/image/thumb/Features114/v4/48/25/f9/4825f941-5e2f-5c2b-6b6c-d6a78c143cad/source/632x632cc.webp,11:00 – 13:00,https://music.apple.com/us/station/apple-music-country/ra.1498157166,2025-10-09T05:38:58.575212-07:00
Apple Music Country,06:00 – 07:00,Country Rewind,Timeless country hits you can revisit again and again.,https://is1-ssl.mzstatic.com/image/thumb/RadioSource116/v4/79/4d/14/794d14fd-e8b1-b218-448a-7bb4fcbb0d9a/bb_source.png/632x632cc.webp,13:00 – 14:00,https://music.apple.com/us/station/apple-music-country/ra.1498157166,2025-10-09T05:38:58.575212-07:00
Apple Music Country,07:00 – 09:00,The Kelleigh Bannen Show,The voice of Nashville.,https://is1-ssl.mzstatic.com/image/thumb/Features/v4/28/d2/d7/28d2d71f-e735-ead1-5fae-526e3e172a86/71ddc8cc-6066-44af-acb6-b444ed3cd250.png/632x632cc.webp,14:00 – 16:00,https://music.apple.com/us/curator/the-kelleigh-bannen-show/1496851605,2025-10-09T05:38:58.575212-07:00
Apple Music Country,09:00 – 10:00,Apple Music Country,Where it sounds like home.,https://is1-ssl.mzstatic.com/image/thumb/Features114/v4/48/25/f9/4825f941-5e2f-5c2b-6b6c-d6a78c143cad/source/632x632cc.webp,16:00 – 17:00,https://music.apple.com/us/station/apple-music-country/ra.1498157166,2025-10-09T05:38:58.575212-07:00
Apple Music Country,10:00 – 12:00,The Ty Bentli Show,Daily dispatches from Music City.,https://is1-ssl.mzstatic.com/image/thumb/RadioSource211/v4/36/14/40/361440d2-92e3-256c-e2d8-05941afc8a38/bb_source.png/632x632cc.webp,17:00 – 19:00,https://music.apple.com/us/curator/the-ty-bentli-show/1496851549,2025-10-09T05:38:58.575212-07:00
Apple Music Country,12:00 – 13:00,Apple Music Country,Where it sounds like home.,https://is1-ssl.mzstatic.com/image/thumb/Features114/v4/48/25/f9/4825f941-5e2f-5c2b-6b6c-d6a78c143cad/source/632x632cc.webp,19:00 – 20:00,https://music.apple.com/us/station/apple-music-country/ra.1498157166,2025-10-09T05:38:58.575212-07:00
Apple Music Country,13:00 – 15:00,The Ward Guenther Show,"Love songs from Chase Rice, Bayker Blankenship, and more.",https://is1-ssl.mzstatic.com/image/thumb/Features221/v4/e9/ef/1b/e9ef1b76-a78f-4bfb-b6ea-c293e3945d5d/0d2f99a6-efce-4e86-a0e6-02e5c553530c.png/632x632cc.webp,20:00 – 22:00,https://music.apple.com/us/curator/the-ward-guenther-show/1500977263,2025-10-09T05:38:58.575212-07:00
Apple Music Country,15:00 – 17:00,Apple Music Country,Where it sounds like home.,https://is1-ssl.mzstatic.com/image/thumb/Features114/v4/48/25/f9/4825f941-5e2f-5c2b-6b6c-d6a78c143cad/source/632x632cc.webp,22:00 – 00:00,https://music.apple.com/us/station/apple-music-country/ra.1498157166,2025-10-09T05:38:58.575212-07:00
Apple Music Country,17:00 – 18:00,Country Rewind,Timeless country hits you can revisit again and again.,https://is1-ssl.mzstatic.com/image/thumb/RadioSource116/v4/79/4d/14/794d14fd-e8b1-b218-448a-7bb4fcbb0d9a/bb_source.png/632x632cc.webp,00:00 – 01:00,https://music.apple.com/us/station/apple-music-country/ra.1498157166,2025-10-09T05:38:58.575212-07:00
Apple Music Country,18:00 – 20:00,Apple Music Country,Where it sounds like home.,https://is1-ssl.mzstatic.com/image/thumb/Features114/v4/48/25/f9/4825f941-5e2f-5c2b-6b6c-d6a78c143cad/source/632x632cc.webp,01:00 – 03:00,https://music.apple.com/us/station/apple-music-country/ra.1498157166,2025-10-09T05:38:58.575212-07:00
Apple Music Country,20:00 – 21:00,2010s Country Essentials,The era of new-schoolers and outlaws.,https://is1-ssl.mzstatic.com/image/thumb/RadioSource116/v4/d2/90/24/d2902444-a91b-609e-6a32-ae92cbef3e26/bb_source.png/632x632cc.webp,03:00 – 04:00,https://music.apple.com/us/station/apple-music-country/ra.1498157166,2025-10-09T05:38:58.575212-07:00
Apple Music Country,21:00 – 22:00,Apple Music Country,Where it sounds like home.,https://is1-ssl.mzstatic.com/image/thumb/Features114/v4/48/25/f9/4825f941-5e2f-5c2b-6b6c-d6a78c143cad/source/632x632cc.webp,04:00 – 05:00,https://music.apple.com/us/station/apple-music-country/ra.1498157166,2025-10-09T05:38:58.575212-07:00
Apple Music Country,22:00 – 00:00,Back Porch Country,"Ease into the day with some laidback, rootsy tunes.",https://is1-ssl.mzstatic.com/image/thumb/RadioSource126/v4/fd/67/90/fd679074-4c3d-4008-2eef-8c73c30c471e/bb_source.png/632x632cc.webp,05:00 – 07:00,https://music.apple.com/us/station/apple-music-country/ra.1498157166,2025-10-09T05:38:58.575212-07:00
Apple Music Hits,00:00 – 02:00,Apple Music Hits,Songs you know and love.,https://is1-ssl.mzstatic.com/image/thumb/Features114/v4/18/ea/f4/18eaf4b9-1954-56a7-0229-3b95250756bd/source/632x632cc.webp,07:00 – 09:00,https://music.apple.com/us/station/apple-music-hits/ra.1498155548,2025-10-09T05:38:58.575212-07:00
Apple Music Hits,02:00 – 03:00,Pure Throwback,An amped-up time capsule from the turn of the 2000s.,https://is1-ssl.mzstatic.com/image/thumb/RadioSource126/v4/dd/2f/37/dd2f373f-69ab-74a6-8f1c-8532a4561786/bb_source.png/632x632cc.webp,09:00 – 10:00,https://music.apple.com/us/station/apple-music-hits/ra.1498155548,2025-10-09T05:38:58.575212-07:00
Apple Music Hits,03:00 – 04:00,2010s Hits Essentials,Viral sensations and A-list bops rule the airwaves.,https://is1-ssl.mzstatic.com/image/thumb/Features116/v4/13/36/08/133608bc-e86a-a650-32f6-b74ac46d9d94/pr_source.png/632x632cc.webp,10:00 – 11:00,https://music.apple.com/us/station/apple-music-hits/ra.1498155548,2025-10-09T05:38:58.575212-07:00
Apple Music Hits,04:00 – 05:00,2000s Hits Essentials,The idols and pop stars who ruled the early 21st century.,https://is1-ssl.mzstatic.com/image/thumb/Features116/v4/80/8d/ce/808dce42-81c4-a608-832e-a5016196865b/pr_source.png/632x632cc.webp,11:00 – 12:00,https://music.apple.com/us/station/apple-music-hits/ra.1498155548,2025-10-09T05:38:58.575212-07:00
Apple Music Hits,05:00 – 06:00,'90s Hits Essentials,A mix of the decade’s biggest tracks and lost favorites.,https://is1-ssl.mzstatic.com/image/thumb/RadioSource116/v4/3d/64/fa/3d64faea-b022-d865-4b41-8b693fa79eb3/bb_source.png/632x632cc.webp,12:00 – 13:00,https://music.apple.com/us/station/apple-music-hits/ra.1498155548,2025-10-09T05:38:58.575212-07:00
Apple Music Hits,05:00 – 06:00,'90s Hits Essentials,A mix of the decade’s biggest tracks and lost favorites.,https://is1-ssl.mzstatic.com/image/thumb/RadioSource116/v4/3d/64/fa/3d64faea-b022-d865-4b41-8b693fa79eb3/bb_source.png/632x632cc.webp,12:00 – 13:00,https://music.apple.com/us/station/apple-music-hits/ra.1498155548,2025-10-09T05:38:58.575212-07:00
Apple Music Hits,06:00 – 07:00,Easy Hits,Low-key songs to help you unwind.,https://is1-ssl.mzstatic.com/image/thumb/RadioSource211/v4/07/4d/7e/074d7ea9-8d9d-40e4-c5cf-3a8126030cd8/bb_source.png/632x632cc.webp,13:00 – 14:00,https://music.apple.com/us/station/apple-music-hits/ra.1498155548,2025-10-09T05:38:58.575212-07:00
Apple Music Hits,07:00 – 08:00,Apple Music Hits,Songs you know and love.,https://is1-ssl.mzstatic.com/image/thumb/Features114/v4/18/ea/f4/18eaf4b9-1954-56a7-0229-3b95250756bd/source/632x632cc.webp,14:00 – 15:00,https://music.apple.com/us/station/apple-music-hits/ra.1498155548,2025-10-09T05:38:58.575212-07:00
Apple Music Hits,08:00 – 10:00,Jayde Donovan,Songs with the same sentiment yet decades apart.,https://is1-ssl.mzstatic.com/image/thumb/Features/v4/c3/32/c4/c332c43f-a7ee-2aa5-e555-74e7dcfd1b2d/1b08f34c-01e5-4057-b0c2-cd9b65736b5c.png/632x632cc.webp,15:00 – 17:00,https://music.apple.com/us/curator/jayde-donovan/1496683632,2025-10-09T05:38:58.575212-07:00
Apple Music Hits,10:00 – 11:00,Apple Music Hits,Songs you know and love.,https://is1-ssl.mzstatic.com/image/thumb/Features114/v4/18/ea/f4/18eaf4b9-1954-56a7-0229-3b95250756bd/source/632x632cc.webp,17:00 – 18:00,https://music.apple.com/us/station/apple-music-hits/ra.1498155548,2025-10-09T05:38:58.575212-07:00
Apple Music Hits,11:00 – 13:00,The Estelle Show,From the singer’s library to your ears.,https://is1-ssl.mzstatic.com/image/thumb/Features/v4/af/29/1d/af291d47-7feb-2942-461f-3c8ac86b94ec/386a40c2-f584-4d7f-8021-883a85d79377.png/632x632cc.webp,18:00 – 20:00,https://music.apple.com/us/curator/the-estelle-show/1496683147,2025-10-09T05:38:58.575212-07:00
Apple Music Hits,13:00 – 14:00,Pure Throwback,An amped-up time capsule from the turn of the 2000s.,https://is1-ssl.mzstatic.com/image/thumb/RadioSource126/v4/dd/2f/37/dd2f373f-69ab-74a6-8f1c-8532a4561786/bb_source.png/632x632cc.webp,20:00 – 21:00,https://music.apple.com/us/station/apple-music-hits/ra.1498155548,2025-10-09T05:38:58.575212-07:00
Apple Music Hits,14:00 – 16:00,Apple Music Hits,Songs you know and love.,https://is1-ssl.mzstatic.com/image/thumb/Features114/v4/18/ea/f4/18eaf4b9-1954-56a7-0229-3b95250756bd/source/632x632cc.webp,21:00 – 23:00,https://music.apple.com/us/station/apple-music-hits/ra.1498155548,2025-10-09T05:38:58.575212-07:00
Apple Music Hits,16:00 – 17:00,Apple Music Hits,Songs you know and love.,https://is1-ssl.mzstatic.com/image/thumb/Features114/v4/18/ea/f4/18eaf4b9-1954-56a7-0229-3b95250756bd/source/632x632cc.webp,23:00 – 00:00,https://music.apple.com/us/station/apple-music-hits/ra.1498155548,2025-10-09T05:38:58.575212-07:00
Apple Music Hits,17:00 – 18:00,Apple Music Hits,Songs you know and love.,https://is1-ssl.mzstatic.com/image/thumb/Features114/v4/18/ea/f4/18eaf4b9-1954-56a7-0229-3b95250756bd/source/632x632cc.webp,00:00 – 01:00,https://music.apple.com/us/station/apple-music-hits/ra.1498155548,2025-10-09T05:38:58.575212-07:00
Apple Music Hits,18:00 – 19:00,Easy Hits,Low-key songs to help you unwind.,https://is1-ssl.mzstatic.com/image/thumb/RadioSource211/v4/07/4d/7e/074d7ea9-8d9d-40e4-c5cf-3a8126030cd8/bb_source.png/632x632cc.webp,01:00 – 02:00,https://music.apple.com/us/station/apple-music-hits/ra.1498155548,2025-10-09T05:38:58.575212-07:00
Apple Music Hits,19:00 – 21:00,Apple Music Hits,Songs you know and love.,https://is1-ssl.mzstatic.com/image/thumb/Features114/v4/18/ea/f4/18eaf4b9-1954-56a7-0229-3b95250756bd/source/632x632cc.webp,02:00 – 04:00,https://music.apple.com/us/station/apple-music-hits/ra.1498155548,2025-10-09T05:38:58.575212-07:00
Apple Music Hits,21:00 – 22:00,Apple Music Hits,Songs you know and love.,https://is1-ssl.mzstatic.com/image/thumb/Features114/v4/18/ea/f4/18eaf4b9-1954-56a7-0229-3b95250756bd/source/632x632cc.webp,04:00 – 05:00,https://music.apple.com/us/station/apple-music-hits/ra.1498155548,2025-10-09T05:38:58.575212-07:00
Apple Music Hits,22:00 – 00:00,Jayde Donovan,Songs with the same sentiment yet decades apart.,https://is1-ssl.mzstatic.com/image/thumb/Features/v4/c3/32/c4/c332c43f-a7ee-2aa5-e555-74e7dcfd1b2d/1b08f34c-01e5-4057-b0c2-cd9b65736b5c.png/632x632cc.webp,05:00 – 07:00,https://music.apple.com/us/curator/jayde-donovan/1496683632,2025-10-09T05:38:58.575212-07:00
Apple Musica Uno,00:00 – 02:00,Apple Música Uno,La cultura que te mueve.,https://is1-ssl.mzstatic.com/image/thumb/Features221/v4/53/ef/4d/53ef4d09-660c-939d-2a74-d48998a5c863/3c7a28dd-3c3d-4a0b-b458-1c9c355a5115.png/632x632cc.webp,07:00 – 09:00,https://music.apple.com/us/station/apple-m%C3%BAsica-uno/ra.1740613864,2025-10-09T05:38:58.575212-07:00
Apple Musica Uno,02:00 – 03:00,Corridos al Cien,Pedazos de realidad en forma de canción.,https://is1-ssl.mzstatic.com/image/thumb/RadioSource211/v4/dc/f5/be/dcf5be41-58fe-4cc0-94df-762b9e3d9c6b/bb_source.png/632x632cc.webp,09:00 – 10:00,https://music.apple.com/us/station/apple-m%C3%BAsica-uno/ra.1740613864,2025-10-09T05:38:58.575212-07:00
Apple Musica Uno,03:00 – 05:00,La Oficial,La casa oficial de la música mexicana.,https://is1-ssl.mzstatic.com/image/thumb/RadioSource221/v4/6d/30/78/6d30785c-a453-8f1b-d927-265fafa942a7/bb_source.png/632x632cc.webp,10:00 – 12:00,https://music.apple.com/us/curator/la-oficial-radio-with-evelyn-sicairos/1774051453,2025-10-09T05:38:58.575212-07:00
Apple Musica Uno,05:00 – 07:00,Puro Pop,Una mezcla única de éxitos del pop latino.,https://is1-ssl.mzstatic.com/image/thumb/RadioSource221/v4/03/89/e5/0389e59c-9089-fa00-59a1-b15a03fcf316/bb_source.png/632x632cc.webp,12:00 – 14:00,https://music.apple.com/us/station/apple-m%C3%BAsica-uno/ra.1740613864,2025-10-09T05:38:58.575212-07:00
Apple Musica Uno,05:00 – 07:00,Puro Pop,Una mezcla única de éxitos del pop latino.,https://is1-ssl.mzstatic.com/image/thumb/RadioSource221/v4/03/89/e5/0389e59c-9089-fa00-59a1-b15a03fcf316/bb_source.png/632x632cc.webp,12:00 – 14:00,https://music.apple.com/us/station/apple-m%C3%BAsica-uno/ra.1740613864,2025-10-09T05:38:58.575212-07:00
Apple Musica Uno,07:00 – 09:00,Apple Música Uno,La cultura que te mueve.,https://is1-ssl.mzstatic.com/image/thumb/Features221/v4/53/ef/4d/53ef4d09-660c-939d-2a74-d48998a5c863/3c7a28dd-3c3d-4a0b-b458-1c9c355a5115.png/632x632cc.webp,14:00 – 16:00,https://music.apple.com/us/station/apple-m%C3%BAsica-uno/ra.1740613864,2025-10-09T05:38:58.575212-07:00
Apple Musica Uno,09:00 – 11:00,¡Dale Play!,¡Dale Play! a los éxitos de tus artistas favoritos.,https://is1-ssl.mzstatic.com/image/thumb/RadioSource211/v4/4d/32/22/4d32220c-771e-f1f7-d8c3-9d6b15c6c088/bb_source.png/632x632cc.webp,16:00 – 18:00,https://music.apple.com/us/curator/dale-play-radio-with-lechero/1391364296,2025-10-09T05:38:58.575212-07:00
Apple Musica Uno,11:00 – 13:00,Apple Música Uno,La cultura que te mueve.,https://is1-ssl.mzstatic.com/image/thumb/Features221/v4/53/ef/4d/53ef4d09-660c-939d-2a74-d48998a5c863/3c7a28dd-3c3d-4a0b-b458-1c9c355a5115.png/632x632cc.webp,18:00 – 20:00,https://music.apple.com/us/station/apple-m%C3%BAsica-uno/ra.1740613864,2025-10-09T05:38:58.575212-07:00
Apple Musica Uno,13:00 – 15:00,La Oficial,La casa oficial de la música mexicana.,https://is1-ssl.mzstatic.com/image/thumb/RadioSource221/v4/6d/30/78/6d30785c-a453-8f1b-d927-265fafa942a7/bb_source.png/632x632cc.webp,20:00 – 22:00,https://music.apple.com/us/curator/la-oficial-radio-with-evelyn-sicairos/1774051453,2025-10-09T05:38:58.575212-07:00
Apple Musica Uno,15:00 – 17:00,Apple Música Uno,La cultura que te mueve.,https://is1-ssl.mzstatic.com/image/thumb/Features221/v4/53/ef/4d/53ef4d09-660c-939d-2a74-d48998a5c863/3c7a28dd-3c3d-4a0b-b458-1c9c355a5115.png/632x632cc.webp,22:00 – 00:00,https://music.apple.com/us/station/apple-m%C3%BAsica-uno/ra.1740613864,2025-10-09T05:38:58.575212-07:00
Apple Musica Uno,17:00 – 18:00,SOMOS Radio,"Sobre la música argentina, con Maria Becerra y Dillom.",https://is1-ssl.mzstatic.com/image/thumb/Features221/v4/f3/e8/72/f3e8728f-5f57-c2fd-592a-16daa1feeaf0/599a9bc0-f272-4567-99a4-9a3e0e75e3f0.png/632x632cc.webp,00:00 – 01:00,https://music.apple.com/us/curator/somos/1653478999,2025-10-09T05:38:58.575212-07:00
Apple Musica Uno,18:00 – 20:00,La Fórmula,Los sonidos más frescos de la escena urbana latina.,https://is1-ssl.mzstatic.com/image/thumb/RadioSource211/v4/c4/50/de/c450de42-3efc-e7e6-492b-91d1557b63ac/bb_source.png/632x632cc.webp,01:00 – 03:00,https://music.apple.com/us/station/apple-m%C3%BAsica-uno/ra.1740613864,2025-10-09T05:38:58.575212-07:00
Apple Musica Uno,20:00 – 22:00,Puro Pop,Una mezcla única de éxitos del pop latino.,https://is1-ssl.mzstatic.com/image/thumb/RadioSource221/v4/03/89/e5/0389e59c-9089-fa00-59a1-b15a03fcf316/bb_source.png/632x632cc.webp,03:00 – 05:00,https://music.apple.com/us/station/apple-m%C3%BAsica-uno/ra.1740613864,2025-10-09T05:38:58.575212-07:00
Apple Musica Uno,22:00 – 00:00,¡Dale Play!,¡Dale Play! a los éxitos de tus artistas favoritos.,https://is1-ssl.mzstatic.com/image/thumb/RadioSource211/v4/4d/32/22/4d32220c-771e-f1f7-d8c3-9d6b15c6c088/bb_source.png/632x632cc.webp,05:00 – 07:00,https://music.apple.com/us/curator/dale-play-radio-with-lechero/1391364296,2025-10-09T05:38:58.575212-07:00
